"id","theme"
"MA0000005030","Adventure"
"MA0000005053","Destiny"
"MA0000005059","Fantasy"
"MA0000005078","Magic"
"MA0000006280","Visions"
"MA0000005031","Anger/Hostility"
"MA0000006269","Conflict"
"MA0000005052","Despair"
"MA0000005060","Fear"
"MA0000005070","Scary Music"
"MA0000005109","Sorrow"
"MA0000005115","Tragedy"
"MA0000005034","At the Beach"
"MA0000006294","Pool Party"
"MA0000006289","At the Office"
"MA0000006309","Monday Morning"
"MA0000006329","Background Music"
"MA0000006281","Classy Gatherings"
"MA0000006288","Dinner Ambiance"
"MA0000013547","Barbeque"
"MA0000006334","Family Gatherings"
"MA0000004257","Food/Eating"
"MA0000006297","Hanging Out"
"MA0000006298","Picnic"
"MA0000006333","Small Gathering"
"MA0000006310","Sunday Afternoon"
"MA0000005089","Celebrities"
"MA0000013549","Fame"
"MA0000004247","City Life"
"MA0000005112","Street Life"
"MA0000005046","Country Life"
"MA0000004616","Desert"
"MA0000006296","The Great Outdoors"
"MA0000005048","Crime"
"MA0000006322","Mischief"
"MA0000005085","Pain"
"MA0000005118","Violence"
"MA0000004284","War"
"MA0000005067","History"
"MA0000006275","Military"
"MA0000005058","Myths & Legends"
"MA0000006277","Other Times & Places"
"MA0000005087","Patriotism"
"MA0000005124","Zeitgeist"
"MA0000004252","Drinking"
"MA0000004254","Drugs"
"MA0000013566","Action"
"MA0000005579","Empowerment"
"MA0000013562","Feminism"
"MA0000005063","Freedom"
"MA0000005069","Hope"
"MA0000013559","LGBTQ"
"MA0000005082","Motivation"
"MA0000005093","Politics/Society"
"MA0000005095","Protest"
"MA0000006323","Revolution"
"MA0000013591","Struggle"
"MA0000006324","Affirmation"
"MA0000005146","Friendship"
"MA0000013590","Gratitude"
"MA0000005066","Happiness"
"MA0000006273","Healing/Comfort"
"MA0000004263","Joy"
"MA0000006315","Playful"
"MA0000013575","Pride"
"MA0000013572","Catharsis"
"MA0000005054","Disappointment"
"MA0000013571","Doubt"
"MA0000004251","Feeling Blue"
"MA0000004264","Loneliness"
"MA0000013573","Longing"
"MA0000005065","Loss/Grief"
"MA0000004274","Regret"
"MA0000005105","Separation"
"MA0000005043","Christmas"
"MA0000006283","Christmas Party"
"MA0000006271","Easter"
"MA0000006272","Fourth of July"
"MA0000006285","Halloween"
"MA0000006284","Holidays"
"MA0000006279","Thanksgiving"
"MA0000004248","Breakup"
"MA0000006302","Divorce"
"MA0000006311","Heartache"
"MA0000004246","Heartbreak"
"MA0000005073","Jealousy"
"MA0000006321","Late Night"
"MA0000006276","Nighttime"
"MA0000005036","Biographical"
"MA0000005037","Birth"
"MA0000004249","Children"
"MA0000004250","Death"
"MA0000005057","Everyday Life"
"MA0000004255","Family"
"MA0000005125","Funeral"
"MA0000005598","Graduation"
"MA0000005602","High School"
"MA0000005068","Home"
"MA0000006305","Homecoming"
"MA0000006300","Illness"
"MA0000005075","Lifecycle"
"MA0000005080","Money"
"MA0000006306","Parenthood"
"MA0000004275","School"
"MA0000005106","Starting Out"
"MA0000005113","Teenagers"
"MA0000004286","Work"
"MA0000004287","Youth"
"MA0000004261","Goodbyes"
"MA0000006318","Introspection"
"MA0000006317","Long Walk"
"MA0000006274","Memorial"
"MA0000013548","Nostalgia"
"MA0000005088","Peace"
"MA0000005096","Rainy Day"
"MA0000006316","Reflection"
"MA0000005079","Reminiscing"
"MA0000006304","Reunion"
"MA0000006313","Solitude"
"MA0000006320","Early Morning"
"MA0000005081","Morning"
"MA0000006326","Stay in Bed"
"MA0000005240","Animals"
"MA0000004266","Moon"
"MA0000004268","Nature"
"MA0000005111","Starry Sky"
"MA0000006278","Storms"
"MA0000004282","Sun"
"MA0000005119","Water"
"MA0000005120","Weather"
"MA0000006307","Award Winners"
"MA0000005038","Birthday"
"MA0000005042","Celebration"
"MA0000005633","Club"
"MA0000006328","Cool & Cocky"
"MA0000005051","Dance Party"
"MA0000013569","Dancing"
"MA0000006295","Exercise/Workout"
"MA0000006292","Girls Night Out"
"MA0000006282","Good Times"
"MA0000006291","Guys Night Out"
"MA0000006290","Housework"
"MA0000004272","Partying"
"MA0000004279","Sports"
"MA0000006308","TGIF"
"MA0000005658","Victory"
"MA0000013546","YOLO"
"MA0000005032","Argument"
"MA0000013567","Compassion"
"MA0000005062","Forgiveness"
"MA0000005074","Lying"
"MA0000005094","Promises"
"MA0000005097","Relationships"
"MA0000005114","Temptation"
"MA0000006299","Imagination"
"MA0000006335","Maverick"
"MA0000004267","Music"
"MA0000005092","Poetry"
"MA0000005090","Word Play"
"MA0000006327","Affection/Fondness"
"MA0000005076","In Love"
"MA0000005625","New Love"
"MA0000005086","Passion"
"MA0000005100","Romance"
"MA0000006312","Romantic Evening"
"MA0000004276","Seduction"
"MA0000005107","Sex"
"MA0000005047","Yearning"
"MA0000004245","Autumn"
"MA0000004280","Spring"
"MA0000004281","Summer"
"MA0000004285","Winter"
"MA0000013568","Church"
"MA0000013570","Faith"
"MA0000005098","Religion"
"MA0000006325","Comfort"
"MA0000006270","Daydreaming"
"MA0000005055","Dreaming"
"MA0000006331","Meditation"
"MA0000006314","Relaxation"
"MA0000006301","Sweet Dreams"
"MA0000013565","Futurism"
"MA0000005102","Science"
"MA0000005103","SciFi"
"MA0000013563","Space"
"MA0000013564","Technology"
"MA0000005041","Cars"
"MA0000006330","Day Driving"
"MA0000013574","Escape"
"MA0000005061","Flying"
"MA0000006332","Night Driving"
"MA0000005099","Open Road"
"MA0000006287","Road Trip"
"MA0000005116","Travel"
"MA0000006293","Vacation"
"MA0000005045","Awareness"
"MA0000005117","Truth"
"MA0000005122","Wisdom"
"MA0000005123","World View"
"MA0000006303","Anniversary"
"MA0000006286","Prom"
"MA0000006319","Slow Dance"
"MA0000005121","Wedding"
