"id","style","genre_id"
"MA0000012238","Computer Music","MA0000012170"
"MA0000011891","Conceptual Art","MA0000012170"
"MA0000012269","Creative Orchestra","MA0000012170"
"MA0000013655","Drone","MA0000012170"
"MA0000002582","Experimental","MA0000012170"
"MA0000004486","Free Improvisation","MA0000012170"
"MA0000012076","Improvisation","MA0000012170"
"MA0000012082","Microtonal","MA0000012170"
"MA0000012315","Minimalism","MA0000012170"
"MA0000012251","Mixed Media","MA0000012170"
"MA0000012083","Modern Composition","MA0000012170"
"MA0000012155","Musique Actuelle","MA0000012170"
"MA0000012319","Musique Concrète","MA0000012170"
"MA0000012085","Noise","MA0000012170"
"MA0000013659","Plunderphonics","MA0000012170"
"MA0000012358","Post-Minimalism","MA0000012170"
"MA0000012126","Process-Generated","MA0000012170"
"MA0000012158","Radio Works","MA0000012170"
"MA0000011958","Sound Art","MA0000012170"
"MA0000011959","Sound Collage","MA0000012170"
"MA0000012289","Sound Sculpture","MA0000012170"
"MA0000012162","Structured Improvisation","MA0000012170"
"MA0000012196","Tape Music","MA0000012170"
"MA0000012058","Acoustic Blues","MA0000002467"
"MA0000012059","Acoustic Chicago Blues","MA0000002467"
"MA0000011879","Acoustic Louisiana Blues","MA0000002467"
"MA0000012060","Acoustic Memphis Blues","MA0000002467"
"MA0000011966","Acoustic New Orleans Blues","MA0000002467"
"MA0000011999","Acoustic Texas Blues","MA0000002467"
"MA0000011814","Blues Gospel","MA0000002467"
"MA0000012232","Blues Revival","MA0000002467"
"MA0000002504","Chicago Blues","MA0000002467"
"MA0000002517","Classic Blues Vocals","MA0000002467"
"MA0000004403","Classic Female Blues","MA0000002467"
"MA0000002960","Contemporary Blues","MA0000002467"
"MA0000002533","Country Blues","MA0000002467"
"MA0000002549","Delta Blues","MA0000002467"
"MA0000012039","Detroit Blues","MA0000002467"
"MA0000012302","Dirty Blues","MA0000002467"
"MA0000011898","Early American Blues","MA0000002467"
"MA0000011899","East Coast Blues","MA0000002467"
"MA0000004405","Electric Blues","MA0000002467"
"MA0000012241","Electric Chicago Blues","MA0000002467"
"MA0000012304","Electric Country Blues","MA0000002467"
"MA0000011900","Electric Delta Blues","MA0000002467"
"MA0000011822","Electric Harmonica Blues","MA0000002467"
"MA0000012173","Electric Memphis Blues","MA0000002467"
"MA0000012340","Electric Texas Blues","MA0000002467"
"MA0000011975","Finger-Picked Guitar","MA0000002467"
"MA0000012042","Folk-Blues","MA0000002467"
"MA0000002404","Harmonica Blues","MA0000002467"
"MA0000011827","Jazz Blues","MA0000002467"
"MA0000011940","Juke Joint Blues","MA0000002467"
"MA0000012017","Louisiana Blues","MA0000002467"
"MA0000012183","Memphis Blues","MA0000002467"
"MA0000012184","Modern Acoustic Blues","MA0000002467"
"MA0000002730","Modern Blues","MA0000002467"
"MA0000011988","Modern Delta Blues","MA0000002467"
"MA0000011944","Modern Electric Blues","MA0000002467"
"MA0000012316","Modern Electric Chicago Blues","MA0000002467"
"MA0000012354","Modern Electric Texas Blues","MA0000002467"
"MA0000012283","New Orleans Blues","MA0000002467"
"MA0000012219","New York Blues","MA0000002467"
"MA0000002405","Piano Blues","MA0000002467"
"MA0000011990","Piedmont Blues","MA0000002467"
"MA0000002794","Pre-War Blues","MA0000002467"
"MA0000011871","Pre-War Country Blues","MA0000002467"
"MA0000012359","Pre-War Gospel Blues","MA0000002467"
"MA0000002821","Regional Blues","MA0000002467"
"MA0000004404","Slide Guitar Blues","MA0000002467"
"MA0000012093","Songster","MA0000002467"
"MA0000004996","Soul-Blues","MA0000002467"
"MA0000012094","St. Louis Blues","MA0000002467"
"MA0000002884","Swamp Blues","MA0000002467"
"MA0000002899","Texas Blues","MA0000002467"
"MA0000004995","Traditional Blues","MA0000002467"
"MA0000012096","Urban Blues","MA0000002467"
"MA0000011921","Vaudeville Blues","MA0000002467"
"MA0000012030","West Coast Blues","MA0000002467"
"MA0000012293","Work Songs","MA0000002467"
"MA0000012204","Children's Folk","MA0000002944"
"MA0000012171","Children's Pop","MA0000002944"
"MA0000011889","Children's Rock","MA0000002944"
"MA0000004410","Children's Songwriters","MA0000002944"
"MA0000004409","Educational","MA0000002944"
"MA0000012072","Fairy Tales","MA0000002944"
"MA0000013406","Instrumental Children's Music","MA0000002944"
"MA0000004408","Lullabies","MA0000002944"
"MA0000012087","Nursery Rhymes","MA0000002944"
"MA0000004407","Sing-Alongs","MA0000002944"
"MA0000004406","Stories","MA0000002944"
"MA0000004930","Avant-Garde Music","MA0000002521"
"MA0000004505","Ballet","MA0000002521"
"MA0000004501","Band Music","MA0000002521"
"MA0000004500","Chamber Music","MA0000002521"
"MA0000004509","Choral","MA0000002521"
"MA0000004504","Classical Crossover","MA0000002521"
"MA0000012338","Concerto","MA0000002521"
"MA0000004507","Electronic/Computer Music","MA0000002521"
"MA0000012341","Fight Songs","MA0000002521"
"MA0000012306","Film Score","MA0000002521"
"MA0000011828","Keyboard","MA0000002521"
"MA0000002711","Marches","MA0000002521"
"MA0000011943","Military","MA0000002521"
"MA0000012215","Miscellaneous (Classical)","MA0000002521"
"MA0000004512","Opera","MA0000002521"
"MA0000004499","Orchestral","MA0000002521"
"MA0000004506","Show/Musical","MA0000002521"
"MA0000012291","Symphony","MA0000002521"
"MA0000004520","Vocal Music","MA0000002521"
"MA0000012331","Beat Poetry","MA0000004433"
"MA0000012065","Blue Humor","MA0000004433"
"MA0000012337","Christian Comedy","MA0000004433"
"MA0000002525","Comedy","MA0000004433"
"MA0000012206","Comedy Rap","MA0000004433"
"MA0000012139","Comedy Rock","MA0000004433"
"MA0000012239","Country Comedy","MA0000004433"
"MA0000012006","Documentary","MA0000004433"
"MA0000011896","Drama","MA0000004433"
"MA0000011932","Erotica","MA0000004433"
"MA0000012110","Ethnic Comedy","MA0000004433"
"MA0000012273","Fantasy","MA0000004433"
"MA0000011934","Gay Comedy","MA0000004433"
"MA0000011858","Instructional","MA0000004433"
"MA0000002662","Interview","MA0000004433"
"MA0000011984","Latin Comedy","MA0000004433"
"MA0000011945","Morning Radio","MA0000004433"
"MA0000002736","Music Comedy","MA0000004433"
"MA0000012086","Novelty","MA0000004433"
"MA0000012088","Observational Humor","MA0000004433"
"MA0000011952","Poetry","MA0000004433"
"MA0000012157","Political Comedy","MA0000004433"
"MA0000011835","Prank Calls","MA0000004433"
"MA0000002812","Radio Plays","MA0000004433"
"MA0000012363","Radio Shows","MA0000004433"
"MA0000011993","Satire","MA0000004433"
"MA0000012194","Shock Jock","MA0000004433"
"MA0000004412","Sketch Comedy","MA0000004433"
"MA0000012366","Song Parody","MA0000004433"
"MA0000004414","Speeches","MA0000004433"
"MA0000002876","Spoken Comedy","MA0000004433"
"MA0000002875","Spoken Word","MA0000004433"
"MA0000004411","Standup Comedy","MA0000004433"
"MA0000002421","Alt-Country","MA0000002532"
"MA0000004415","Americana","MA0000002532"
"MA0000002443","Bakersfield Sound","MA0000002532"
"MA0000002466","Bluegrass","MA0000002532"
"MA0000012136","Bluegrass-Gospel","MA0000002532"
"MA0000013552","Bro-Country","MA0000002532"
"MA0000012138","Close Harmony","MA0000002532"
"MA0000011818","Contemporary Bluegrass","MA0000002532"
"MA0000002946","Contemporary Country","MA0000002532"
"MA0000011894","Country Boogie","MA0000002532"
"MA0000002534","Country Gospel","MA0000002532"
"MA0000013521","Country Rap","MA0000002532"
"MA0000012141","Country-Folk","MA0000002532"
"MA0000004416","Country-Pop","MA0000002532"
"MA0000002538","Cowboy","MA0000002532"
"MA0000002561","Early Country","MA0000002532"
"MA0000002648","Honky Tonk","MA0000002532"
"MA0000011979","Instrumental Country","MA0000002532"
"MA0000012351","Jug Band","MA0000002532"
"MA0000002739","Nashville Sound/Countrypolitan","MA0000002532"
"MA0000012188","Neo-Traditionalist Country","MA0000002532"
"MA0000011949","New Traditionalist","MA0000002532"
"MA0000012123","Old-Timey","MA0000002532"
"MA0000002949","Outlaw Country","MA0000002532"
"MA0000012360","Progressive Bluegrass","MA0000002532"
"MA0000002796","Progressive Country","MA0000002532"
"MA0000013522","Red Dirt","MA0000002532"
"MA0000012323","Rodeo","MA0000002532"
"MA0000011873","Square Dance","MA0000002532"
"MA0000002880","String Bands","MA0000002532"
"MA0000011963","Traditional Bluegrass","MA0000002532"
"MA0000004474","Traditional Country","MA0000002532"
"MA0000012199","Truck Driving Country","MA0000002532"
"MA0000012202","Urban Cowboy","MA0000002532"
"MA0000002935","Western Swing","MA0000002532"
"MA0000012227","Western Swing Revival","MA0000002532"
"MA0000012228","Yodeling","MA0000002532"
"MA0000012236","Classical Pop","MA0000002567"
"MA0000012240","Easy Pop","MA0000002567"
"MA0000002581","Exotica","MA0000002567"
"MA0000002629","Guitar/Easy Listening","MA0000002567"
"MA0000002659","Instrumental Collections","MA0000002567"
"MA0000012247","Instrumental Pop","MA0000002567"
"MA0000012079","Lounge","MA0000002567"
"MA0000012317","Mood Music","MA0000002567"
"MA0000002765","Orchestral/Easy Listening","MA0000002567"
"MA0000002766","Organ/Easy Listening","MA0000002567"
"MA0000002771","Panflute/Easy Listening","MA0000002567"
"MA0000002777","Piano/Easy Listening","MA0000002567"
"MA0000002780","Polka","MA0000002567"
"MA0000011960","Space Age Pop","MA0000002567"
"MA0000002908","Trumpet/Easy Listening","MA0000002567"
"MA0000012168","Waltz","MA0000002567"
"MA0000002930","Wedding Collections","MA0000002567"
"MA0000005001","Acid House","MA0000002572"
"MA0000002414","Acid Jazz","MA0000002572"
"MA0000011998","Acid Techno","MA0000002572"
"MA0000011810","Ambient Breakbeat","MA0000002572"
"MA0000011811","Ambient Dub","MA0000002572"
"MA0000012031","Ambient House","MA0000002572"
"MA0000012032","Ambient Techno","MA0000002572"
"MA0000004476","Baile Funk","MA0000002572"
"MA0000013654","Baseline","MA0000002572"
"MA0000004997","Big Beat","MA0000002572"
"MA0000004991","Breakcore","MA0000002572"
"MA0000004475","Broken Beat","MA0000002572"
"MA0000002507","Chicago House","MA0000002572"
"MA0000012235","Chiptunes","MA0000002572"
"MA0000011890","Clubjazz","MA0000002572"
"MA0000011972","Dark Ambient","MA0000002572"
"MA0000013621","Deep House","MA0000002572"
"MA0000002551","Detroit Techno","MA0000002572"
"MA0000012007","Downbeat","MA0000002572"
"MA0000004999","Downtempo","MA0000002572"
"MA0000012008","Drill'n'bass","MA0000002572"
"MA0000004465","Dubstep","MA0000002572"
"MA0000013412","EDM","MA0000002572"
"MA0000002571","Electro","MA0000002572"
"MA0000012174","Electro-Acoustic","MA0000002572"
"MA0000012175","Electro-Jazz","MA0000002572"
"MA0000002574","Electronica","MA0000002572"
"MA0000012208","Electro-Techno","MA0000002572"
"MA0000012112","Experimental Ambient","MA0000002572"
"MA0000013554","Experimental Club","MA0000002572"
"MA0000011974","Experimental Dub","MA0000002572"
"MA0000012209","Experimental Electro","MA0000002572"
"MA0000012210","Experimental Electronic","MA0000002572"
"MA0000012176","Experimental Jungle","MA0000002572"
"MA0000012244","Experimental Techno","MA0000002572"
"MA0000013529","French House","MA0000002572"
"MA0000004998","Funky Breaks","MA0000002572"
"MA0000012010","Gabba","MA0000002572"
"MA0000012308","Garage","MA0000002572"
"MA0000011854","Glitch","MA0000002572"
"MA0000011977","Goa Trance","MA0000002572"
"MA0000013646","Gqom","MA0000002572"
"MA0000011978","Happy Hardcore","MA0000002572"
"MA0000012147","Hardcore Techno","MA0000002572"
"MA0000012074","Hi-NRG","MA0000002572"
"MA0000002651","House","MA0000002572"
"MA0000004477","IDM","MA0000002572"
"MA0000012348","Illbient","MA0000002572"
"MA0000012044","Industrial Drum'n'Bass","MA0000002572"
"MA0000012013","Jazz-House","MA0000002572"
"MA0000013543","Juke/Footwork","MA0000002572"
"MA0000002557","Jungle/Drum'n'Bass","MA0000002572"
"MA0000012312","Left-Field House","MA0000002572"
"MA0000012279","Microhouse","MA0000002572"
"MA0000012280","Microsound","MA0000002572"
"MA0000004478","Minimal Techno","MA0000002572"
"MA0000011910","Neo-Electro","MA0000002572"
"MA0000011831","Newbeat","MA0000002572"
"MA0000012021","Nu Breaks","MA0000002572"
"MA0000005002","Progressive House","MA0000002572"
"MA0000011914","Progressive Trance","MA0000002572"
"MA0000013530","Psytrance","MA0000002572"
"MA0000004480","Rave","MA0000002572"
"MA0000013553","Synthwave","MA0000002572"
"MA0000005003","Tech-House","MA0000002572"
"MA0000002893","Techno","MA0000002572"
"MA0000012258","Techno Bass","MA0000002572"
"MA0000011919","Techno-Dub","MA0000002572"
"MA0000002903","Trance","MA0000002572"
"MA0000013577","Trap (EDM)","MA0000002572"
"MA0000012164","Tribal House","MA0000002572"
"MA0000002906","Trip-Hop","MA0000002572"
"MA0000004479","UK Garage","MA0000002572"
"MA0000013555","Vaporware","MA0000002572"
"MA0000012099","Alternative Folk","MA0000002592"
"MA0000004417","Anti-Folk","MA0000002592"
"MA0000002427","Appalachian","MA0000002592"
"MA0000002959","British Folk","MA0000002592"
"MA0000012267","Contemporary Folk","MA0000002592"
"MA0000012041","Field Recordings","MA0000002592"
"MA0000011933","Folk Jazz","MA0000002592"
"MA0000004420","Folk Revival","MA0000002592"
"MA0000005011","Folk-Pop","MA0000002592"
"MA0000012043","Folksongs","MA0000002592"
"MA0000002666","Irish Folk","MA0000002592"
"MA0000011864","Minstrel","MA0000002592"
"MA0000012282","Neo-Traditional Folk","MA0000002592"
"MA0000011947","New Acoustic","MA0000002592"
"MA0000012253","Political Folk","MA0000002592"
"MA0000012361","Progressive Folk","MA0000002592"
"MA0000004418","Protest Songs","MA0000002592"
"MA0000005006","Sea Shanties","MA0000002592"
"MA0000004419","Traditional Folk","MA0000002592"
"MA0000004421","Urban Folk","MA0000002592"
"MA0000002823","Work Song","MA0000002592"
"MA0000012332","Carols","MA0000012075"
"MA0000002566","Chanukah","MA0000012075"
"MA0000011929","Christmas","MA0000012075"
"MA0000012071","Easter","MA0000012075"
"MA0000011825","Halloween","MA0000012075"
"MA0000012148","Holidays","MA0000012075"
"MA0000012325","Thanksgiving","MA0000012075"
"MA0000012130","Acadian","MA0000002660"
"MA0000002415","Afghanistan","MA0000002660"
"MA0000002491","Afoxe","MA0000002660"
"MA0000011880","African Folk","MA0000002660"
"MA0000002416","African Traditions","MA0000002660"
"MA0000004495","Afro-beat","MA0000002660"
"MA0000012098","Afro-Brazilian","MA0000002660"
"MA0000012061","Afro-Peruvian","MA0000002660"
"MA0000011881","Afro-Pop","MA0000002660"
"MA0000012229","Al-Jil","MA0000002660"
"MA0000002418","Albanian","MA0000002660"
"MA0000002419","Algerian","MA0000002660"
"MA0000002500","Alpine","MA0000002660"
"MA0000012231","American Jewish Pop","MA0000002660"
"MA0000011846","Andalus Classical","MA0000002660"
"MA0000002426","Andean Folk","MA0000002660"
"MA0000002506","Angolan","MA0000002660"
"MA0000012133","Apala","MA0000002660"
"MA0000002428","Arabic","MA0000002660"
"MA0000002429","Argentinian Folk","MA0000002660"
"MA0000002430","Armenian","MA0000002660"
"MA0000011925","Armenian Folk","MA0000002660"
"MA0000011847","Asian Folk","MA0000002660"
"MA0000002432","Asian Traditions","MA0000002660"
"MA0000002435","Australasian","MA0000002660"
"MA0000002436","Australian","MA0000002660"
"MA0000002437","Austrian","MA0000002660"
"MA0000002512","Axe","MA0000002660"
"MA0000002439","Azerbaijani","MA0000002660"
"MA0000002440","Azorean","MA0000002660"
"MA0000002442","Bahamian","MA0000002660"
"MA0000002444","Balinese","MA0000002660"
"MA0000002445","Balkan","MA0000002660"
"MA0000002513","Baltic","MA0000002660"
"MA0000002514","Bangladeshi","MA0000002660"
"MA0000002452","Basque","MA0000002660"
"MA0000011812","Bava","MA0000002660"
"MA0000002456","Bavarian","MA0000002660"
"MA0000012102","Belair","MA0000002660"
"MA0000002458","Belgian","MA0000002660"
"MA0000011813","Belly Dancing","MA0000002660"
"MA0000002515","Benga","MA0000002660"
"MA0000002459","Bengali","MA0000002660"
"MA0000002522","Berber","MA0000002660"
"MA0000002528","Bhangra","MA0000002660"
"MA0000012295","Bikutsi","MA0000002660"
"MA0000002470","Bolivian","MA0000002660"
"MA0000002537","Bollywood","MA0000002660"
"MA0000012037","Bambara","MA0000002660"
"MA0000013649","Bongo Flava","MA0000002660"
"MA0000002473","Bornean","MA0000002660"
"MA0000002474","Bosnian","MA0000002660"
"MA0000002548","Bossa Nova","MA0000002660"
"MA0000011848","Brazilian Folk","MA0000002660"
"MA0000011888","Brazilian Pop","MA0000002660"
"MA0000002477","Brazilian Traditions","MA0000002660"
"MA0000004473","Breton","MA0000002660"
"MA0000002481","British","MA0000002660"
"MA0000002488","Bulgarian","MA0000002660"
"MA0000012066","Bulgarian Folk","MA0000002660"
"MA0000002489","Burundi","MA0000002660"
"MA0000002490","Belarusian","MA0000002660"
"MA0000011817","Cadence","MA0000002660"
"MA0000002493","Cajun","MA0000002660"
"MA0000002494","Calypso","MA0000002660"
"MA0000002495","Cambodian","MA0000002660"
"MA0000002496","Cameroonian","MA0000002660"
"MA0000002497","Canadian","MA0000002660"
"MA0000002498","Cape Verdean","MA0000002660"
"MA0000002499","Caribbean Traditions","MA0000002660"
"MA0000012004","Carnatic","MA0000002660"
"MA0000011970","Carnival","MA0000002660"
"MA0000002502","Celtic","MA0000002660"
"MA0000012067","Celtic Folk","MA0000002660"
"MA0000012334","Celtic Fusion","MA0000002660"
"MA0000012104","Celtic Gospel","MA0000002660"
"MA0000012299","Celtic New Age","MA0000002660"
"MA0000012335","Celtic Pop","MA0000002660"
"MA0000005023","Celtic Rock","MA0000002660"
"MA0000002564","Central African","MA0000002660"
"MA0000002503","Central American Traditions","MA0000002660"
"MA0000004472","Central European Traditions","MA0000002660"
"MA0000002565","Central/West Asian Traditions","MA0000002660"
"MA0000011849","Chassidic","MA0000002660"
"MA0000002510","Chilean","MA0000002660"
"MA0000002573","Chimurenga","MA0000002660"
"MA0000011927","Chinese Classical","MA0000002660"
"MA0000002511","Chinese Traditions","MA0000002660"
"MA0000011928","Chouval Bwa","MA0000002660"
"MA0000002527","Congolese","MA0000002660"
"MA0000011819","Contemporary Celtic","MA0000002660"
"MA0000011971","Contemporary Flamenco","MA0000002660"
"MA0000011820","Contemporary Native American","MA0000002660"
"MA0000002584","Country & Irish","MA0000002660"
"MA0000013650","Coupé-Décalé","MA0000002660"
"MA0000012270","Creole","MA0000002660"
"MA0000002585","Cretan","MA0000002660"
"MA0000002539","Croatian","MA0000002660"
"MA0000002542","Czech","MA0000002660"
"MA0000002543","Dagestani","MA0000002660"
"MA0000002546","Danish","MA0000002660"
"MA0000004497","Desert Blues","MA0000002660"
"MA0000012145","Dhrupad","MA0000002660"
"MA0000012301","Dimotiko","MA0000002660"
"MA0000012272","Djabdong","MA0000002660"
"MA0000012172","Drinking Songs","MA0000002660"
"MA0000002560","Dutch","MA0000002660"
"MA0000002594","East African","MA0000002660"
"MA0000002568","Ecuadorian","MA0000002660"
"MA0000002569","Egyptian","MA0000002660"
"MA0000011901","Enka","MA0000002660"
"MA0000002577","Estonian","MA0000002660"
"MA0000002578","Ethiopian Pop","MA0000002660"
"MA0000002580","European Folk","MA0000002660"
"MA0000002603","Fado","MA0000002660"
"MA0000002588","Finnish Folk","MA0000002660"
"MA0000002589","Flamenco","MA0000002660"
"MA0000002612","Folk Dance","MA0000002660"
"MA0000012113","Folklore","MA0000002660"
"MA0000002595","Forro","MA0000002660"
"MA0000002600","French","MA0000002660"
"MA0000002620","French Antilles","MA0000002660"
"MA0000002605","French Chanson","MA0000002660"
"MA0000012274","French Folk","MA0000002660"
"MA0000002601","French Guianese","MA0000002660"
"MA0000002621","Frevo","MA0000002660"
"MA0000002625","Fuji","MA0000002660"
"MA0000002608","Gabonese","MA0000002660"
"MA0000002609","Gambian","MA0000002660"
"MA0000002610","Gamelan","MA0000002660"
"MA0000002614","Georgian","MA0000002660"
"MA0000012146","Georgian Choir","MA0000002660"
"MA0000002615","German","MA0000002660"
"MA0000002617","Ghanaian","MA0000002660"
"MA0000011976","Giddha","MA0000002660"
"MA0000002624","Greek","MA0000002660"
"MA0000011936","Greek Folk","MA0000002660"
"MA0000005016","Greek-Pop","MA0000002660"
"MA0000002633","Guadeloupe","MA0000002660"
"MA0000002627","Guatemalan","MA0000002660"
"MA0000002635","Guinea-Bissau","MA0000002660"
"MA0000002628","Guinean","MA0000002660"
"MA0000012345","Gwo Ka","MA0000002660"
"MA0000002631","Gypsy","MA0000002660"
"MA0000002632","Haitian","MA0000002660"
"MA0000002644","Hawaiian","MA0000002660"
"MA0000012211","Hawaiian Pop","MA0000002660"
"MA0000011826","Hebrew","MA0000002660"
"MA0000002637","Highlife","MA0000002660"
"MA0000002647","Honduran","MA0000002660"
"MA0000002652","Hungarian Folk","MA0000002660"
"MA0000002653","Icelandic","MA0000002660"
"MA0000002654","Incan","MA0000002660"
"MA0000002655","Indian","MA0000002660"
"MA0000002638","Indian Classical","MA0000002660"
"MA0000012117","Indian Pop","MA0000002660"
"MA0000004469","Indian Subcontinent Traditions","MA0000002660"
"MA0000002657","Indonesian Traditions","MA0000002660"
"MA0000012309","International Folk","MA0000002660"
"MA0000005029","International Fusion","MA0000002660"
"MA0000012012","Inuit","MA0000002660"
"MA0000012212","Iran-Classical","MA0000002660"
"MA0000002664","Iranian","MA0000002660"
"MA0000002665","Iraqi","MA0000002660"
"MA0000002667","Islamic","MA0000002660"
"MA0000002668","Israeli","MA0000002660"
"MA0000012118","Italian Folk","MA0000002660"
"MA0000002669","Italian Music","MA0000002660"
"MA0000002670","Ivorian","MA0000002660"
"MA0000011981","Jaipongan","MA0000002660"
"MA0000002671","Jamaican","MA0000002660"
"MA0000011982","Japanese Orchestral","MA0000002660"
"MA0000002672","Japanese Traditions","MA0000002660"
"MA0000002673","Javanese","MA0000002660"
"MA0000012078","Jewish Folk","MA0000002660"
"MA0000002676","Jewish Music","MA0000002660"
"MA0000011939","Jibaro","MA0000002660"
"MA0000002645","Jit","MA0000002660"
"MA0000011983","Joik","MA0000002660"
"MA0000002646","Juju","MA0000002660"
"MA0000011859","Junkanoo","MA0000002660"
"MA0000011941","Kabuki","MA0000002660"
"MA0000002649","Kalindula","MA0000002660"
"MA0000002681","Kazakhstani","MA0000002660"
"MA0000012352","Kecak","MA0000002660"
"MA0000002650","Kenyan","MA0000002660"
"MA0000012151","Khmer Dance","MA0000002660"
"MA0000002685","Klezmer","MA0000002660"
"MA0000011942","Kora","MA0000002660"
"MA0000002686","Korean","MA0000002660"
"MA0000004518","Kulintang","MA0000002660"
"MA0000002688","Kurdish","MA0000002660"
"MA0000002656","Kuwaiti","MA0000002660"
"MA0000012353","Laika","MA0000002660"
"MA0000002690","Laotian","MA0000002660"
"MA0000002698","Latvian","MA0000002660"
"MA0000002699","Lebanese","MA0000002660"
"MA0000011985","Macapat Poetry","MA0000002660"
"MA0000002704","Macedonian","MA0000002660"
"MA0000002705","Madagascan","MA0000002660"
"MA0000011862","Makossa","MA0000002660"
"MA0000002663","Malawian","MA0000002660"
"MA0000002707","Malaysian","MA0000002660"
"MA0000002708","Malian Music","MA0000002660"
"MA0000002675","Marabi","MA0000002660"
"MA0000002714","Martinique","MA0000002660"
"MA0000002715","Mauritanian","MA0000002660"
"MA0000012081","Mbalax","MA0000002660"
"MA0000002677","Mbaqanga","MA0000002660"
"MA0000012278","Mbira","MA0000002660"
"MA0000002679","Mbube","MA0000002660"
"MA0000012313","Mbuti Choral","MA0000002660"
"MA0000002680","Mediterranean Traditions","MA0000002660"
"MA0000002682","Melanesian","MA0000002660"
"MA0000002689","Mento","MA0000002660"
"MA0000002724","Micronesian","MA0000002660"
"MA0000012152","Middle Eastern Pop","MA0000002660"
"MA0000002726","Middle Eastern Traditions","MA0000002660"
"MA0000002695","Moldavian","MA0000002660"
"MA0000002731","Mongolian","MA0000002660"
"MA0000002733","Moravian","MA0000002660"
"MA0000012019","Morna","MA0000002660"
"MA0000002734","Moroccan","MA0000002660"
"MA0000002702","Mozambiquan","MA0000002660"
"MA0000002703","MPB","MA0000002660"
"MA0000012318","Mugam","MA0000002660"
"MA0000012121","Musette","MA0000002660"
"MA0000002738","Myanmarian","MA0000002660"
"MA0000002706","Namibian","MA0000002660"
"MA0000002740","Native American","MA0000002660"
"MA0000002713","Native South American","MA0000002660"
"MA0000013658","Ndombolo","MA0000002660"
"MA0000012187","Neo-Traditional","MA0000002660"
"MA0000002744","Nepalese","MA0000002660"
"MA0000002751","New Zealand","MA0000002660"
"MA0000002752","Nicaraguan","MA0000002660"
"MA0000002753","Nigerian","MA0000002660"
"MA0000011912","Nisiotika","MA0000002660"
"MA0000012355","Noh","MA0000002660"
"MA0000004471","Nordic Traditions","MA0000002660"
"MA0000002756","North African","MA0000002660"
"MA0000002716","North American Traditions","MA0000002660"
"MA0000002596","North/East Asian Traditions","MA0000002660"
"MA0000002758","Norwegian","MA0000002660"
"MA0000011950","Norwegian Folk","MA0000002660"
"MA0000004470","Oceanic Traditions","MA0000002660"
"MA0000012356","Okinawan Traditional","MA0000002660"
"MA0000011832","Omutibo","MA0000002660"
"MA0000002725","Pacific Islands","MA0000002660"
"MA0000002769","Pakistani","MA0000002660"
"MA0000002727","Palestinian","MA0000002660"
"MA0000002729","Palm-Wine","MA0000002660"
"MA0000002937","Pan-Global","MA0000002660"
"MA0000002770","Panamanian","MA0000002660"
"MA0000002732","Papua New Guinea","MA0000002660"
"MA0000002772","Paraguayan","MA0000002660"
"MA0000011869","Party Soca","MA0000002660"
"MA0000002774","Persian","MA0000002660"
"MA0000002775","Peruvian","MA0000002660"
"MA0000012221","Peruvian Folk","MA0000002660"
"MA0000002737","Philippine","MA0000002660"
"MA0000002741","Pibroch","MA0000002660"
"MA0000011991","Pipe Bands","MA0000002660"
"MA0000002779","Polish","MA0000002660"
"MA0000002781","Polynesian","MA0000002660"
"MA0000002789","Portuguese","MA0000002660"
"MA0000002807","Punta","MA0000002660"
"MA0000012049","Pygmy","MA0000002660"
"MA0000002742","Qawwali","MA0000002660"
"MA0000012090","Quadrille","MA0000002660"
"MA0000002808","Quebecois","MA0000002660"
"MA0000012222","Quechua","MA0000002660"
"MA0000004498","Raga","MA0000002660"
"MA0000002814","Rai","MA0000002660"
"MA0000012223","Rakugo","MA0000002660"
"MA0000012050","Rapso","MA0000002660"
"MA0000002743","Rembetika","MA0000002660"
"MA0000002834","Romanian","MA0000002660"
"MA0000012024","Russian Folk","MA0000002660"
"MA0000002838","Russian Traditions","MA0000002660"
"MA0000002841","Salvadoran","MA0000002660"
"MA0000002842","Samba","MA0000002660"
"MA0000002757","Sami","MA0000002660"
"MA0000002843","Samoan","MA0000002660"
"MA0000002844","Sardinian","MA0000002660"
"MA0000002845","Saudi Arabian","MA0000002660"
"MA0000002847","Scandinavian","MA0000002660"
"MA0000002764","Scottish Country Dance","MA0000002660"
"MA0000002848","Scottish Folk","MA0000002660"
"MA0000012364","Séga","MA0000002660"
"MA0000002850","Senegalese Music","MA0000002660"
"MA0000002851","Serbian","MA0000002660"
"MA0000012128","Sha'abi","MA0000002660"
"MA0000011839","Sharki","MA0000002660"
"MA0000012025","Shinto","MA0000002660"
"MA0000002853","Siamese","MA0000002660"
"MA0000002854","Siberian","MA0000002660"
"MA0000002768","Sierra Leonian","MA0000002660"
"MA0000012159","Slack-Key Guitar","MA0000002660"
"MA0000002859","Slovakian","MA0000002660"
"MA0000002778","Slovenian","MA0000002660"
"MA0000002861","Soca","MA0000002660"
"MA0000002782","Solomon Islands","MA0000002660"
"MA0000002862","Somalian","MA0000002660"
"MA0000002784","Soukous","MA0000002660"
"MA0000002868","South African Folk","MA0000002660"
"MA0000012195","South African Pop","MA0000002660"
"MA0000002869","South American Traditions","MA0000002660"
"MA0000002597","South/Eastern European Traditions","MA0000002660"
"MA0000004468","Southeast Asian Traditions","MA0000002660"
"MA0000002788","Southern African","MA0000002660"
"MA0000002873","Spanish Folk","MA0000002660"
"MA0000011917","Spouge","MA0000002660"
"MA0000002878","Steel Band","MA0000002660"
"MA0000002881","Sudanese","MA0000002660"
"MA0000002882","Sumatran","MA0000002660"
"MA0000002792","Swahili","MA0000002660"
"MA0000002885","Swedish Folk","MA0000002660"
"MA0000002886","Swiss Folk","MA0000002660"
"MA0000002888","Syrian","MA0000002660"
"MA0000002795","Taarab","MA0000002660"
"MA0000002889","Tahitian","MA0000002660"
"MA0000002890","Tajik","MA0000002660"
"MA0000002891","Tango","MA0000002660"
"MA0000002892","Tanzanian","MA0000002660"
"MA0000002901","Thai","MA0000002660"
"MA0000011962","Throat Singing","MA0000002660"
"MA0000002902","Tibetan","MA0000002660"
"MA0000002799","Tongan","MA0000002660"
"MA0000012197","Township Jazz","MA0000002660"
"MA0000002803","Township Jive","MA0000002660"
"MA0000012055","Traditional Celtic","MA0000002660"
"MA0000011875","Traditional Chinese","MA0000002660"
"MA0000012056","Traditional European Folk","MA0000002660"
"MA0000011876","Traditional Irish Folk","MA0000002660"
"MA0000011964","Traditional Japanese","MA0000002660"
"MA0000012367","Traditional Korean","MA0000002660"
"MA0000012029","Traditional Middle Eastern Folk","MA0000002660"
"MA0000012226","Traditional Native American","MA0000002660"
"MA0000011844","Traditional Scottish Folk","MA0000002660"
"MA0000002904","Transylvanian","MA0000002660"
"MA0000002905","Trinidadian","MA0000002660"
"MA0000002805","Tropicalia","MA0000002660"
"MA0000012326","Trot","MA0000002660"
"MA0000002910","Turkish","MA0000002660"
"MA0000002912","Tuvan","MA0000002660"
"MA0000002914","Tyrolean","MA0000002660"
"MA0000002915","Ugandan","MA0000002660"
"MA0000002917","Ukrainian","MA0000002660"
"MA0000002919","Uruguayan","MA0000002660"
"MA0000002920","Uzbekistani","MA0000002660"
"MA0000002811","Vallenato","MA0000002660"
"MA0000012167","Vaudou","MA0000002660"
"MA0000002921","Venezuelan","MA0000002660"
"MA0000002923","Vietnamese","MA0000002660"
"MA0000011845","Volksmusik","MA0000002660"
"MA0000002931","Welsh","MA0000002660"
"MA0000002813","West African","MA0000002660"
"MA0000004467","Western European Traditions","MA0000002660"
"MA0000011922","Worldbeat","MA0000002660"
"MA0000002938","Yemenite","MA0000002660"
"MA0000002824","Yodel","MA0000002660"
"MA0000002825","Yoruban","MA0000002660"
"MA0000002939","Yugoslavian","MA0000002660"
"MA0000002940","Zairean","MA0000002660"
"MA0000002828","Zambian","MA0000002660"
"MA0000002941","Zimbabwean","MA0000002660"
"MA0000002942","Zouk","MA0000002660"
"MA0000002832","Zulu","MA0000002660"
"MA0000002943","Zydeco","MA0000002660"
"MA0000002417","African Jazz","MA0000002674"
"MA0000012262","Afro-Cuban Jazz","MA0000002674"
"MA0000002438","Avant-Garde Jazz","MA0000002674"
"MA0000002446","Ballroom Dance","MA0000002674"
"MA0000002461","Big Band","MA0000002674"
"MA0000002471","Boogie-Woogie","MA0000002674"
"MA0000002457","Bop","MA0000002674"
"MA0000002472","Bop Vocals","MA0000002674"
"MA0000002478","Brazilian Jazz","MA0000002674"
"MA0000012264","British Dance Bands","MA0000002674"
"MA0000012336","Chamber Jazz","MA0000002674"
"MA0000002508","Chicago Jazz","MA0000002674"
"MA0000004545","Contemporary Jazz","MA0000002674"
"MA0000012140","Continental Jazz","MA0000002674"
"MA0000002530","Cool","MA0000002674"
"MA0000012142","Crossover Jazz","MA0000002674"
"MA0000011930","Cuban Jazz","MA0000002674"
"MA0000012107","Dance Bands","MA0000002674"
"MA0000002553","Dixieland","MA0000002674"
"MA0000011973","Early Creative","MA0000002674"
"MA0000002519","Early Jazz","MA0000002674"
"MA0000012242","Electric Jazz","MA0000002674"
"MA0000012009","Experimental Big Band","MA0000002674"
"MA0000011823","Free Funk","MA0000002674"
"MA0000002598","Free Jazz","MA0000002674"
"MA0000002607","Fusion","MA0000002674"
"MA0000012260","Global Jazz","MA0000002674"
"MA0000002451","Guitar Jazz","MA0000002674"
"MA0000002634","Hard Bop","MA0000002674"
"MA0000011856","Hot Jazz","MA0000002674"
"MA0000013647","Israeli Jazz","MA0000002674"
"MA0000002947","Jazz Instrument","MA0000002674"
"MA0000011905","Jazz-Funk","MA0000002674"
"MA0000011906","Jazz-Pop","MA0000002674"
"MA0000012014","Jazz-Rock","MA0000002674"
"MA0000012150","Jive","MA0000002674"
"MA0000002678","Jump Blues","MA0000002674"
"MA0000002464","Latin Jazz","MA0000002674"
"MA0000012182","M-Base","MA0000002674"
"MA0000012249","Mainstream Jazz","MA0000002674"
"MA0000011865","Modal Music","MA0000002674"
"MA0000011986","Modern Big Band","MA0000002674"
"MA0000011987","Modern Creative","MA0000002674"
"MA0000012185","Modern Free","MA0000002674"
"MA0000004544","Modern Jazz","MA0000002674"
"MA0000011946","Neo-Bop","MA0000002674"
"MA0000011867","New Orleans Brass Bands","MA0000002674"
"MA0000011830","New Orleans Jazz","MA0000002674"
"MA0000012189","New Orleans Jazz Revival","MA0000002674"
"MA0000012047","Novelty Ragtime","MA0000002674"
"MA0000011833","Orchestral Jazz","MA0000002674"
"MA0000002476","Piano Jazz","MA0000002674"
"MA0000005010","Post-Bop","MA0000002674"
"MA0000012127","Progressive Big Band","MA0000002674"
"MA0000012362","Progressive Jazz","MA0000002674"
"MA0000004422","Ragtime","MA0000002674"
"MA0000002479","Saxophone Jazz","MA0000002674"
"MA0000002860","Smooth Jazz","MA0000002674"
"MA0000012365","Society Dance Band","MA0000002674"
"MA0000002866","Soul Jazz","MA0000002674"
"MA0000013403","Spiritual Jazz","MA0000002674"
"MA0000012256","Straight-Ahead Jazz","MA0000002674"
"MA0000012053","Stride","MA0000002674"
"MA0000011843","Sweet Bands","MA0000002674"
"MA0000004423","Swing","MA0000002674"
"MA0000012292","Third Stream","MA0000002674"
"MA0000012054","Trad Jazz","MA0000002674"
"MA0000002907","Trombone Jazz","MA0000002674"
"MA0000002485","Trumpet Jazz","MA0000002674"
"MA0000002922","Vibraphone/Marimba Jazz","MA0000002674"
"MA0000002933","West Coast Jazz","MA0000002674"
"MA0000012132","Afro-Colombian","MA0000002692"
"MA0000004549","Afro-Cuban","MA0000002692"
"MA0000013533","Alterna Movimiento","MA0000002692"
"MA0000013534","Alternative Corridos","MA0000002692"
"MA0000002505","Alternative Latin","MA0000002692"
"MA0000002441","Bachata","MA0000002692"
"MA0000002447","Banda","MA0000002692"
"MA0000012035","Beguine","MA0000002692"
"MA0000012135","Beguine Moderne","MA0000002692"
"MA0000012064","Beguine Vide","MA0000002692"
"MA0000002535","Bolero","MA0000002692"
"MA0000004492","Bomba","MA0000002692"
"MA0000011887","Boogaloo","MA0000002692"
"MA0000012068","Cha-Cha","MA0000002692"
"MA0000012266","Changui","MA0000002692"
"MA0000002570","Charanga","MA0000002692"
"MA0000002575","Choro","MA0000002692"
"MA0000002524","Colombian","MA0000002692"
"MA0000002579","Compas","MA0000002692"
"MA0000012339","Conjunto","MA0000002692"
"MA0000011893","Corrido","MA0000002692"
"MA0000012143","Cuatro","MA0000002692"
"MA0000012144","Cuban Pop","MA0000002692"
"MA0000002540","Cuban Traditions","MA0000002692"
"MA0000002541","Cumbia","MA0000002692"
"MA0000002587","Danzon","MA0000002692"
"MA0000002555","Dominican Traditions","MA0000002692"
"MA0000004460","Duranguense","MA0000002692"
"MA0000013579","Electro-Cumbia","MA0000002692"
"MA0000012344","Grupero","MA0000002692"
"MA0000012178","Guaguancó","MA0000002692"
"MA0000012119","Lambada","MA0000002692"
"MA0000012015","Latin Big Band","MA0000002692"
"MA0000002694","Latin Dance","MA0000002692"
"MA0000012016","Latin Folk","MA0000002692"
"MA0000004461","Latin Pop","MA0000002692"
"MA0000012248","Latin Soul","MA0000002692"
"MA0000002709","Mambo","MA0000002692"
"MA0000002712","Mariachi","MA0000002692"
"MA0000002720","Merengue","MA0000002692"
"MA0000012214","Merenhouse","MA0000002692"
"MA0000002722","Mexican Traditions","MA0000002692"
"MA0000013656","Mexican-Cumbia","MA0000002692"
"MA0000012314","Mini Jazz","MA0000002692"
"MA0000012153","Modern Son","MA0000002692"
"MA0000013535","Narcocorridos","MA0000002692"
"MA0000013657","New Mexcio","MA0000002692"
"MA0000012046","New York Salsa","MA0000002692"
"MA0000002755","Norteno","MA0000002692"
"MA0000002719","Nueva Cancion","MA0000002692"
"MA0000002723","Nueva Trova","MA0000002692"
"MA0000012048","Onda Grupera","MA0000002692"
"MA0000011951","Pachanga","MA0000002692"
"MA0000004493","Plena","MA0000002692"
"MA0000002804","Puerto Rican Traditions","MA0000002692"
"MA0000002815","Ranchera","MA0000002692"
"MA0000002754","Rumba","MA0000002692"
"MA0000002840","Salsa","MA0000002692"
"MA0000002586","Son","MA0000002692"
"MA0000011957","Sonero","MA0000002692"
"MA0000002783","Sonidero","MA0000002692"
"MA0000002896","Tejano","MA0000002692"
"MA0000011996","Timba","MA0000002692"
"MA0000012057","Tropical","MA0000002692"
"MA0000012165","Trova","MA0000002692"
"MA0000012261","Adult Alternative","MA0000002745"
"MA0000002424","Ambient","MA0000002745"
"MA0000012005","Contemporary Instrumental","MA0000002745"
"MA0000002576","Environmental","MA0000002745"
"MA0000012111","Ethnic Fusion","MA0000002745"
"MA0000002591","Flute/New Age","MA0000002745"
"MA0000002833","Guitar/New Age","MA0000002745"
"MA0000002835","Harp/New Age","MA0000002745"
"MA0000012346","Healing","MA0000002745"
"MA0000002683","Keyboard/Synthesizer/New Age","MA0000002745"
"MA0000002717","Meditation/Relaxation","MA0000002745"
"MA0000012186","Mystical Minimalism","MA0000002745"
"MA0000012045","Nature","MA0000002745"
"MA0000012217","Neo-Classical","MA0000002745"
"MA0000011948","New Age Tone Poems","MA0000002745"
"MA0000002839","Piano/New Age","MA0000002745"
"MA0000012190","Progressive Alternative","MA0000002745"
"MA0000011836","Progressive Electronic","MA0000002745"
"MA0000012285","Relaxation","MA0000002745"
"MA0000004413","Self-Help & Development","MA0000002745"
"MA0000011956","Solo Instrumental","MA0000002745"
"MA0000012052","Space","MA0000002745"
"MA0000011995","Spiritual","MA0000002745"
"MA0000012225","Techno-Tribal","MA0000002745"
"MA0000011924","Aboriginal Rock","MA0000002613"
"MA0000011878","Acid Folk","MA0000002613"
"MA0000012327","Acid Rock","MA0000002613"
"MA0000004488","Adult Alternative Pop/Rock","MA0000002613"
"MA0000004445","Adult Contemporary","MA0000002613"
"MA0000013623","African Psychedelia","MA0000002613"
"MA0000004459","Album Rock","MA0000002613"
"MA0000012294","Alternative Country-Rock","MA0000002613"
"MA0000011883","Alternative Dance","MA0000002613"
"MA0000012328","Alternative Metal","MA0000002613"
"MA0000002422","Alternative Pop/Rock","MA0000002613"
"MA0000012100","Alternative Singer/Songwriter","MA0000002613"
"MA0000012230","Alternative/Indie Rock","MA0000002613"
"MA0000012000","AM Pop","MA0000002613"
"MA0000012263","Ambient Pop","MA0000002613"
"MA0000011885","American Punk","MA0000002613"
"MA0000012033","American Trad Rock","MA0000002613"
"MA0000012062","American Underground","MA0000002613"
"MA0000011967","Anarchist Punk","MA0000002613"
"MA0000012329","Arena Rock","MA0000002613"
"MA0000002431","Art Rock","MA0000002613"
"MA0000012169","Asian Pop","MA0000002613"
"MA0000013624","Asian Psychedelia","MA0000002613"
"MA0000013556","Asian Rock","MA0000002613"
"MA0000012330","Aussie Rock","MA0000002613"
"MA0000011968","AustroPop","MA0000002613"
"MA0000013583","Avant-Garde Metal","MA0000002613"
"MA0000011969","Avant-Prog","MA0000002613"
"MA0000012063","Bar Band","MA0000002613"
"MA0000012101","Baroque Pop","MA0000002613"
"MA0000013651","Bedroom Pop","MA0000002613"
"MA0000002463","Black Metal","MA0000002613"
"MA0000013584","Blackgaze","MA0000002613"
"MA0000002468","Blues-Rock","MA0000002613"
"MA0000011815","Boogie Rock","MA0000002613"
"MA0000012296","Brill Building Pop","MA0000002613"
"MA0000002482","British Blues","MA0000002613"
"MA0000002483","British Folk-Rock","MA0000002613"
"MA0000002484","British Invasion","MA0000002613"
"MA0000012103","British Metal","MA0000002613"
"MA0000012038","British Psychedelia","MA0000002613"
"MA0000012137","British Punk","MA0000002613"
"MA0000012003","British Trad Rock","MA0000002613"
"MA0000002480","Britpop","MA0000002613"
"MA0000002487","Bubblegum","MA0000002613"
"MA0000011816","C-86","MA0000002613"
"MA0000004489","C-Pop","MA0000002613"
"MA0000012298","Canterbury Scene","MA0000002613"
"MA0000012347","Cantopop","MA0000002613"
"MA0000012333","Celebrity","MA0000002613"
"MA0000012300","Chamber Pop","MA0000002613"
"MA0000013410","Chillwave","MA0000002613"
"MA0000012205","Chinese Rock","MA0000002613"
"MA0000013653","City Pop","MA0000002613"
"MA0000002544","Club/Dance","MA0000002613"
"MA0000012105","Cocktail","MA0000002613"
"MA0000013524","Cold Wave","MA0000002613"
"MA0000012237","College Rock","MA0000002613"
"MA0000004443","Contemporary Pop/Rock","MA0000002613"
"MA0000012268","Contemporary Singer/Songwriter","MA0000002613"
"MA0000002536","Country-Rock","MA0000002613"
"MA0000012106","Cowpunk","MA0000002613"
"MA0000004548","Dance-Pop","MA0000002613"
"MA0000012069","Dance-Rock","MA0000002613"
"MA0000012108","Darkwave","MA0000002613"
"MA0000002547","Death Metal","MA0000002613"
"MA0000013528","Deathcore","MA0000002613"
"MA0000012109","Detroit Rock","MA0000002613"
"MA0000004496","Doom Metal","MA0000002613"
"MA0000012303","Dream Pop","MA0000002613"
"MA0000013582","Drone Metal","MA0000002613"
"MA0000011852","Dutch Pop","MA0000002613"
"MA0000012070","Early British Pop/Rock","MA0000002613"
"MA0000002763","Early Pop/Rock","MA0000002613"
"MA0000011821","Eastern European Pop","MA0000002613"
"MA0000012207","Electro-Industrial","MA0000002613"
"MA0000013527","Electronicore","MA0000002613"
"MA0000004447","Emo","MA0000002613"
"MA0000012243","Emo-Pop","MA0000002613"
"MA0000005013","Euro-Dance","MA0000002613"
"MA0000013625","European Psychedelia","MA0000002613"
"MA0000004446","Euro-Pop","MA0000002613"
"MA0000012305","Euro-Rock","MA0000002613"
"MA0000002951","Exercise","MA0000002613"
"MA0000002583","Experimental Rock","MA0000002613"
"MA0000013581","Folk-Metal","MA0000002613"
"MA0000002593","Folk-Rock","MA0000002613"
"MA0000012307","Frat Rock","MA0000002613"
"MA0000012342","Freakbeat","MA0000002613"
"MA0000012073","Free Folk","MA0000002613"
"MA0000012177","French Pop","MA0000002613"
"MA0000011853","French Rock","MA0000002613"
"MA0000012114","Funk Metal","MA0000002613"
"MA0000002408","Garage Punk","MA0000002613"
"MA0000004458","Garage Rock","MA0000002613"
"MA0000012343","Garage Rock Revival","MA0000002613"
"MA0000002618","Girl Groups","MA0000002613"
"MA0000002619","Glam Rock","MA0000002613"
"MA0000011935","Glitter","MA0000002613"
"MA0000011855","Goth Metal","MA0000002613"
"MA0000002623","Goth Rock","MA0000002613"
"MA0000004452","Grindcore","MA0000002613"
"MA0000002626","Grunge","MA0000002613"
"MA0000013652","Grunge Revival","MA0000002613"
"MA0000002630","Guitar Virtuoso","MA0000002613"
"MA0000011902","Hair Metal","MA0000002613"
"MA0000002636","Hard Rock","MA0000002613"
"MA0000002641","Hardcore Punk","MA0000002613"
"MA0000012246","Heartland Rock","MA0000002613"
"MA0000002721","Heavy Metal","MA0000002613"
"MA0000011857","Hot Rod","MA0000002613"
"MA0000012116","Hot Rod Revival","MA0000002613"
"MA0000012275","Indie Electronic","MA0000002613"
"MA0000012149","Indie Folk","MA0000002613"
"MA0000004494","Indie Pop","MA0000002613"
"MA0000004453","Indie Rock","MA0000002613"
"MA0000011904","Indipop","MA0000002613"
"MA0000002658","Industrial","MA0000002613"
"MA0000012077","Industrial Dance","MA0000002613"
"MA0000012276","Industrial Metal","MA0000002613"
"MA0000002827","Instrumental Rock","MA0000002613"
"MA0000011980","International Pop","MA0000002613"
"MA0000011938","Italian Pop","MA0000002613"
"MA0000004490","J-Pop","MA0000002613"
"MA0000004456","Jam Bands","MA0000002613"
"MA0000012349","Jangle Pop","MA0000002613"
"MA0000012350","Japanese Rock","MA0000002613"
"MA0000011907","K-Pop","MA0000002613"
"MA0000012310","Kayokyoku","MA0000002613"
"MA0000012311","Korean Rock","MA0000002613"
"MA0000002687","Kraut Rock","MA0000002613"
"MA0000011860","L.A. Punk","MA0000002613"
"MA0000011861","Latin Freestyle","MA0000002613"
"MA0000013626","Latin Psychedelia","MA0000002613"
"MA0000011908","Latin Rock","MA0000002613"
"MA0000013523","Left-Field Pop","MA0000002613"
"MA0000012181","Liedermacher","MA0000002613"
"MA0000002701","Lo-Fi","MA0000002613"
"MA0000005017","Madchester","MA0000002613"
"MA0000011918","Mandopop","MA0000002613"
"MA0000012250","Math Rock","MA0000002613"
"MA0000012018","Merseybeat","MA0000002613"
"MA0000013405","Metalcore","MA0000002613"
"MA0000002728","Mod","MA0000002613"
"MA0000011829","Mod Revival","MA0000002613"
"MA0000011866","Neo-Classical Metal","MA0000002613"
"MA0000013411","Neo-Disco","MA0000002613"
"MA0000011911","Neo-Glam","MA0000002613"
"MA0000012218","Neo-Prog","MA0000002613"
"MA0000012252","Neo-Psychedelia","MA0000002613"
"MA0000002748","New Romantic","MA0000002613"
"MA0000002750","New Wave","MA0000002613"
"MA0000004491","New Wave of British Heavy Metal","MA0000002613"
"MA0000012020","New Wave/Post-Punk Revival","MA0000002613"
"MA0000012220","New York Punk","MA0000002613"
"MA0000012084","New Zealand Rock","MA0000002613"
"MA0000005018","No Wave","MA0000002613"
"MA0000012156","Noise Pop","MA0000002613"
"MA0000004455","Noise-Rock","MA0000002613"
"MA0000005015","Nouvelle Chanson","MA0000002613"
"MA0000004547","Nü Metal","MA0000002613"
"MA0000012122","Obscuro","MA0000002613"
"MA0000002761","Oi!","MA0000002613"
"MA0000011989","Okinawan Pop","MA0000002613"
"MA0000012089","Paisley Underground","MA0000002613"
"MA0000012254","Pop","MA0000002613"
"MA0000012357","Pop Idol","MA0000002613"
"MA0000004449","Pop Punk","MA0000002613"
"MA0000002785","Pop-Metal","MA0000002613"
"MA0000005020","Post-Grunge","MA0000002613"
"MA0000012125","Post-Hardcore","MA0000002613"
"MA0000013404","Post-Metal","MA0000002613"
"MA0000004450","Post-Punk","MA0000002613"
"MA0000002790","Post-Rock","MA0000002613"
"MA0000011913","Power Metal","MA0000002613"
"MA0000002793","Power Pop","MA0000002613"
"MA0000002798","Prog-Rock","MA0000002613"
"MA0000002797","Progressive Metal","MA0000002613"
"MA0000005021","Proto-Punk","MA0000002613"
"MA0000013414","Psychedelic","MA0000002613"
"MA0000011915","Psychedelic Pop","MA0000002613"
"MA0000002800","Psychedelic/Garage","MA0000002613"
"MA0000002801","Psychobilly","MA0000002613"
"MA0000002802","Pub Rock","MA0000002613"
"MA0000002806","Punk","MA0000002613"
"MA0000012191","Punk Blues","MA0000002613"
"MA0000012022","Punk Metal","MA0000002613"
"MA0000012023","Punk Revival","MA0000002613"
"MA0000011872","Punk/New Wave","MA0000002613"
"MA0000012091","Queercore","MA0000002613"
"MA0000002817","Rap-Metal","MA0000002613"
"MA0000011992","Rap-Rock","MA0000002613"
"MA0000002749","Retro Swing","MA0000002613"
"MA0000012193","Retro-Rock","MA0000002613"
"MA0000011837","Riot Grrrl","MA0000002613"
"MA0000002829","Rock & Roll","MA0000002613"
"MA0000002826","Rock en Español","MA0000002613"
"MA0000002831","Rockabilly","MA0000002613"
"MA0000012051","Rockabilly Revival","MA0000002613"
"MA0000004457","Roots Rock","MA0000002613"
"MA0000012286","Sadcore","MA0000002613"
"MA0000012324","Scandinavian Metal","MA0000002613"
"MA0000012287","Scandinavian Pop","MA0000002613"
"MA0000011838","Schlager","MA0000002613"
"MA0000004448","Screamo","MA0000002613"
"MA0000011840","Shibuya-Kei","MA0000002613"
"MA0000004454","Shoegaze","MA0000002613"
"MA0000002855","Singer/Songwriter","MA0000002613"
"MA0000002403","Ska Revival","MA0000002613"
"MA0000002640","Ska-Punk","MA0000002613"
"MA0000011954","Skatepunk","MA0000002613"
"MA0000002858","Skiffle","MA0000002613"
"MA0000012160","Slowcore","MA0000002613"
"MA0000012161","Sludge Metal","MA0000002613"
"MA0000013541","Social Media Pop","MA0000002613"
"MA0000011841","Soft Rock","MA0000002613"
"MA0000011994","Sophisti-Pop","MA0000002613"
"MA0000002872","Southern Rock","MA0000002613"
"MA0000012255","Space Rock","MA0000002613"
"MA0000002874","Speed/Thrash Metal","MA0000002613"
"MA0000011961","Stoner Metal","MA0000002613"
"MA0000012027","Straight-Edge","MA0000002613"
"MA0000012028","Sunshine Pop","MA0000002613"
"MA0000002883","Surf","MA0000002613"
"MA0000011842","Surf Revival","MA0000002613"
"MA0000012257","Swamp Pop","MA0000002613"
"MA0000012095","Swedish Pop/Rock","MA0000002613"
"MA0000012290","Symphonic Black Metal","MA0000002613"
"MA0000013526","Symphonic Metal","MA0000002613"
"MA0000002887","Synth Pop","MA0000002613"
"MA0000013580","Technical Death Metal","MA0000002613"
"MA0000002894","Teen Idols","MA0000002613"
"MA0000002895","Teen Pop","MA0000002613"
"MA0000002900","Tex-Mex","MA0000002613"
"MA0000012163","Thai Pop","MA0000002613"
"MA0000012129","Third Wave Ska Revival","MA0000002613"
"MA0000012198","Tribute Albums","MA0000002613"
"MA0000013622","Turkish Psychedelia","MA0000002613"
"MA0000012201","Twee Pop","MA0000002613"
"MA0000013525","Visual Kei","MA0000002613"
"MA0000013409","Witch House","MA0000002613"
"MA0000013408","Yé-yé","MA0000002613"
"MA0000012131","Adult Contemporary R&B","MA0000002809"
"MA0000013375","Alternative R&B","MA0000002809"
"MA0000012034","Beach","MA0000002809"
"MA0000012036","Blue-Eyed Soul","MA0000002809"
"MA0000012297","Brown-Eyed Soul","MA0000002809"
"MA0000002509","Chicago Soul","MA0000002809"
"MA0000002969","Contemporary R&B","MA0000002809"
"MA0000011895","Country Soul","MA0000002809"
"MA0000011931","Deep Funk","MA0000002809"
"MA0000012271","Deep Funk Revival","MA0000002809"
"MA0000011850","Deep Soul","MA0000002809"
"MA0000002552","Disco","MA0000002809"
"MA0000002556","Doo Wop","MA0000002809"
"MA0000002520","Early R&B","MA0000002809"
"MA0000013407","Euro-Disco","MA0000002809"
"MA0000002599","Freestyle","MA0000002809"
"MA0000002606","Funk","MA0000002809"
"MA0000004428","Go-Go","MA0000002809"
"MA0000013402","Italo Disco","MA0000002809"
"MA0000012120","Memphis Soul","MA0000002809"
"MA0000002735","Motown","MA0000002809"
"MA0000004426","Neo-Soul","MA0000002809"
"MA0000005027","New Jack Swing","MA0000002809"
"MA0000002747","New Orleans R&B","MA0000002809"
"MA0000004427","Northern Soul","MA0000002809"
"MA0000002776","Philly Soul","MA0000002809"
"MA0000011870","Pop-Soul","MA0000002809"
"MA0000012124","Post-Disco","MA0000002809"
"MA0000005025","Psychedelic Soul","MA0000002809"
"MA0000004425","Quiet Storm","MA0000002809"
"MA0000002810","R&B Instrumental","MA0000002809"
"MA0000011953","Retro-Soul","MA0000002809"
"MA0000011955","Smooth Soul","MA0000002809"
"MA0000002865","Soul","MA0000002809"
"MA0000002877","Southern Soul","MA0000002809"
"MA0000012166","Uptown Soul","MA0000002809"
"MA0000011965","Urban","MA0000002809"
"MA0000013648","African Rap","MA0000002816"
"MA0000013645","Afroswing","MA0000002816"
"MA0000012203","Alternative Rap","MA0000002816"
"MA0000013639","Asian Rap","MA0000002816"
"MA0000011923","Bass Music","MA0000002816"
"MA0000013619","Bay Area Rap","MA0000002816"
"MA0000012265","British Rap","MA0000002816"
"MA0000013642","Chinese Rap","MA0000002816"
"MA0000013551","Cloud Rap","MA0000002816"
"MA0000013542","Contemporary Rap","MA0000002816"
"MA0000012040","Dirty Rap","MA0000002816"
"MA0000011851","Dirty South","MA0000002816"
"MA0000013643","Drill","MA0000002816"
"MA0000002563","East Coast Rap","MA0000002816"
"MA0000013637","European Rap","MA0000002816"
"MA0000002604","French Rap","MA0000002816"
"MA0000011824","G-Funk","MA0000002816"
"MA0000002611","Gangsta Rap","MA0000002816"
"MA0000013532","German Rap","MA0000002816"
"MA0000012011","Golden Age","MA0000002816"
"MA0000004464","Grime","MA0000002816"
"MA0000011937","Hardcore Rap","MA0000002816"
"MA0000013531","Horror Rap","MA0000002816"
"MA0000013592","Instrumental Hip-Hop","MA0000002816"
"MA0000013638","Italian Rap","MA0000002816"
"MA0000013640","Japanese Rap","MA0000002816"
"MA0000012180","Jazz-Rap","MA0000002816"
"MA0000013641","Korean Rap","MA0000002816"
"MA0000002696","Latin Rap","MA0000002816"
"MA0000011909","Left-Field Rap","MA0000002816"
"MA0000011863","Midwest Rap","MA0000002816"
"MA0000002762","Old-School Rap","MA0000002816"
"MA0000012321","Party Rap","MA0000002816"
"MA0000012322","Political Rap","MA0000002816"
"MA0000005012","Pop-Rap","MA0000002816"
"MA0000002976","Reggaeton","MA0000002816"
"MA0000002871","Southern Rap","MA0000002816"
"MA0000013620","Texas Rap","MA0000002816"
"MA0000013578","Trap (Latin)","MA0000002816"
"MA0000013576","Trap (Rap)","MA0000002816"
"MA0000002911","Turntablism","MA0000002816"
"MA0000013644","UK Drill","MA0000002816"
"MA0000002918","Underground Rap","MA0000002816"
"MA0000013618","Urbano","MA0000002816"
"MA0000002932","West Coast Rap","MA0000002816"
"MA0000011886","Bluebeat","MA0000002820"
"MA0000011892","Contemporary Reggae","MA0000002820"
"MA0000002545","Dancehall","MA0000002820"
"MA0000002554","DJ/Toasting","MA0000002820"
"MA0000002559","Dub","MA0000002820"
"MA0000011897","Dub Poetry","MA0000002820"
"MA0000004430","Lovers Rock","MA0000002820"
"MA0000011868","Nyahbinghi","MA0000002820"
"MA0000011834","Political Reggae","MA0000002820"
"MA0000005028","Ragga","MA0000002820"
"MA0000012092","Reggae-Pop","MA0000002820"
"MA0000002830","Rocksteady","MA0000002820"
"MA0000002836","Roots Reggae","MA0000002820"
"MA0000002857","Ska","MA0000002820"
"MA0000011916","Smooth Reggae","MA0000002820"
"MA0000004429","Sound System","MA0000002820"
"MA0000011882","Alternative CCM","MA0000004431"
"MA0000011926","Black Gospel","MA0000004431"
"MA0000002550","Buddhist","MA0000004431"
"MA0000004439","CCM","MA0000004431"
"MA0000012233","Ceremonial","MA0000004431"
"MA0000012234","Chants","MA0000004431"
"MA0000002975","Christian Metal","MA0000004431"
"MA0000002639","Christian Punk","MA0000004431"
"MA0000002971","Christian Rap","MA0000004431"
"MA0000002945","Christian Rock","MA0000004431"
"MA0000002529","Contemporary Christian","MA0000004431"
"MA0000002967","Contemporary Gospel","MA0000004431"
"MA0000002622","Gospel","MA0000004431"
"MA0000012245","Gospel Choir","MA0000004431"
"MA0000011903","Hymns","MA0000004431"
"MA0000004424","Inspirational","MA0000004431"
"MA0000012179","Instrumental Gospel","MA0000004431"
"MA0000012213","Jesus Rock","MA0000004431"
"MA0000002693","Latin CCM","MA0000004431"
"MA0000012277","Latin Gospel","MA0000004431"
"MA0000004546","LDS Music","MA0000004431"
"MA0000012080","Mantras","MA0000004431"
"MA0000012284","Praise & Worship","MA0000004431"
"MA0000012192","Reggae Gospel","MA0000004431"
"MA0000002746","Ritual Music","MA0000004431"
"MA0000002822","Sacred Traditions","MA0000004431"
"MA0000012288","Scriptures","MA0000004431"
"MA0000002870","Southern Gospel","MA0000004431"
"MA0000005009","Spirituals","MA0000004431"
"MA0000002791","Sufi","MA0000004431"
"MA0000002972","Traditional Gospel","MA0000004431"
"MA0000012001","Anime Music","MA0000004432"
"MA0000004435","Bird Calls","MA0000004432"
"MA0000012002","Blaxploitation","MA0000004432"
"MA0000004776","Cartoon Music","MA0000004432"
"MA0000002767","Cast Recordings","MA0000004432"
"MA0000002974","Film Music","MA0000004432"
"MA0000013413","Library Music","MA0000004432"
"MA0000012281","Movie Themes","MA0000004432"
"MA0000004437","Musical Theater","MA0000004432"
"MA0000012216","Musicals","MA0000004432"
"MA0000004436","Occasion-Based Effects","MA0000004432"
"MA0000012320","Original Score","MA0000004432"
"MA0000002852","Show Tunes","MA0000004432"
"MA0000004434","Sound Effects","MA0000004432"
"MA0000002867","Soundtracks","MA0000004432"
"MA0000012026","Sports Anthems","MA0000004432"
"MA0000012224","Spy Music","MA0000004432"
"MA0000002913","TV Music","MA0000004432"
"MA0000012200","TV Soundtracks","MA0000004432"
"MA0000002952","Video Game Music","MA0000004432"
"MA0000012097","Acappella","MA0000011877"
"MA0000011884","American Popular Song","MA0000011877"
"MA0000012134","Barbershop Quartet","MA0000011877"
"MA0000002492","Cabaret","MA0000011877"
"MA0000004466","Composer Songbook","MA0000011877"
"MA0000002966","Contemporary Jazz Vocals","MA0000011877"
"MA0000002964","Early Jazz Vocals","MA0000011877"
"MA0000012115","Harmony Vocal Group","MA0000011877"
"MA0000002965","Modern Jazz Vocals","MA0000011877"
"MA0000012154","Music Hall","MA0000011877"
"MA0000011874","Standards","MA0000011877"
"MA0000011920","Tin Pan Alley Pop","MA0000011877"
"MA0000011997","Torch Songs","MA0000011877"
"MA0000002961","Traditional Pop","MA0000011877"
"MA0000005005","Vaudeville","MA0000011877"
"MA0000002948","Vocal Jazz","MA0000011877"
"MA0000002787","Vocal Pop","MA0000011877"
"MA0000004487","Vocalese","MA0000011877"
